metric,value_millions,notes
FY 2025 Total Revenue,3288.0,Resident + Non-Resident
FY 2025 Resident Revenue,2998.656,91.2% of total
Our Ensemble Net 2026,3298.0,Resident-only model
Difference vs Resident Target,299.34400000000005,+10.0%
Official Act 46 Impact (Total),-597.0,Applies to total revenue
Act 46 as % Resident Revenue,-19.90891919579972,Percentage
Our Corrected Act 46 Impact,-656.5961550774747,Using official %
FY Resident Growth Rate,-4.372826058331936,% CAGR FY22-25
Our Model Growth Rate,7.386513544464113,% CAGR CY22-26
