ZIP,COUNTY,STATE
96701,Honolulu,HI
96702,Honolulu,HI
96703,Honolulu,HI
96704,Honolulu,HI
96705,Honolulu,HI
96706,Honolulu,HI
96707,Honolulu,HI
96708,Honolulu,HI
96709,Honolulu,HI
96710,Honolulu,HI
96711,Honolulu,HI
96712,Honolulu,HI
96713,Honolulu,HI
96714,Honolulu,HI
96715,Honolulu,HI
96716,Honolulu,HI
96717,Honolulu,HI
96718,Honolulu,HI
96719,Honolulu,HI
96720,Honolulu,HI
96721,Honolulu,HI
96722,Honolulu,HI
96723,Honolulu,HI
96724,Honolulu,HI
96725,Honolulu,HI
96726,Honolulu,HI
96727,Honolulu,HI
96728,Honolulu,HI
96729,Honolulu,HI
96730,Honolulu,HI
96731,Honolulu,HI
96732,Honolulu,HI
96733,Honolulu,HI
96734,Honolulu,HI
96735,Honolulu,HI
96736,Honolulu,HI
96737,Honolulu,HI
96738,Honolulu,HI
96739,Honolulu,HI
96740,Honolulu,HI
96741,Honolulu,HI
96742,Honolulu,HI
96743,Honolulu,HI
96744,Honolulu,HI
96745,Honolulu,HI
96746,Honolulu,HI
96747,Honolulu,HI
96748,Honolulu,HI
96749,Honolulu,HI
96750,Honolulu,HI
96751,Honolulu,HI
96752,Honolulu,HI
96753,Honolulu,HI
96754,Honolulu,HI
96755,Honolulu,HI
96756,Honolulu,HI
96757,Honolulu,HI
96758,Honolulu,HI
96759,Honolulu,HI
96760,Honolulu,HI
96761,Honolulu,HI
96762,Honolulu,HI
96763,Honolulu,HI
96764,Honolulu,HI
96765,Honolulu,HI
96766,Honolulu,HI
96767,Honolulu,HI
96768,Honolulu,HI
96769,Honolulu,HI
96770,Honolulu,HI
96771,Honolulu,HI
96772,Honolulu,HI
96773,Honolulu,HI
96774,Honolulu,HI
96775,Honolulu,HI
96776,Honolulu,HI
96777,Honolulu,HI
96778,Honolulu,HI
96779,Honolulu,HI
96780,Honolulu,HI
96781,Honolulu,HI
96782,Honolulu,HI
96783,Honolulu,HI
96784,Honolulu,HI
96785,Honolulu,HI
96786,Honolulu,HI
96787,Honolulu,HI
96788,Honolulu,HI
96789,Honolulu,HI
96790,Honolulu,HI
96791,Honolulu,HI
96792,Honolulu,HI
96793,Honolulu,HI
96794,Honolulu,HI
96795,Honolulu,HI
96796,Honolulu,HI
96797,Honolulu,HI
96798,Honolulu,HI
96799,Honolulu,HI
96800,Honolulu,HI
96801,Honolulu,HI
96802,Honolulu,HI
96803,Honolulu,HI
96804,Honolulu,HI
96805,Honolulu,HI
96806,Honolulu,HI
96807,Honolulu,HI
96808,Honolulu,HI
96809,Honolulu,HI
96810,Honolulu,HI
96811,Honolulu,HI
96812,Honolulu,HI
96813,Honolulu,HI
96814,Honolulu,HI
96815,Honolulu,HI
96816,Honolulu,HI
96817,Honolulu,HI
96818,Honolulu,HI
96819,Honolulu,HI
96820,Honolulu,HI
96821,Honolulu,HI
96822,Honolulu,HI
96823,Honolulu,HI
96824,Honolulu,HI
96825,Honolulu,HI
96826,Honolulu,HI
96827,Honolulu,HI
96828,Honolulu,HI
96829,Honolulu,HI
96830,Honolulu,HI
96831,Honolulu,HI
96832,Honolulu,HI
96833,Honolulu,HI
96834,Honolulu,HI
96835,Honolulu,HI
96836,Honolulu,HI
96837,Honolulu,HI
96838,Honolulu,HI
96839,Honolulu,HI
96840,Honolulu,HI
96841,Honolulu,HI
96842,Honolulu,HI
96843,Honolulu,HI
96844,Honolulu,HI
96845,Honolulu,HI
96846,Honolulu,HI
96847,Honolulu,HI
96848,Honolulu,HI
96849,Honolulu,HI
96850,Honolulu,HI
96851,Honolulu,HI
96852,Honolulu,HI
96853,Honolulu,HI
96854,Honolulu,HI
96855,Honolulu,HI
96856,Honolulu,HI
96857,Honolulu,HI
96858,Honolulu,HI
96859,Honolulu,HI
96860,Honolulu,HI
96861,Honolulu,HI
96862,Honolulu,HI
96863,Honolulu,HI
96864,Honolulu,HI
96865,Honolulu,HI
96866,Honolulu,HI
96867,Honolulu,HI
96868,Honolulu,HI
96869,Honolulu,HI
96870,Honolulu,HI
96871,Honolulu,HI
96872,Honolulu,HI
96873,Honolulu,HI
96874,Honolulu,HI
96875,Honolulu,HI
96876,Honolulu,HI
96877,Honolulu,HI
96878,Honolulu,HI
96879,Honolulu,HI
96880,Honolulu,HI
96881,Honolulu,HI
96882,Honolulu,HI
96883,Honolulu,HI
96884,Honolulu,HI
96885,Honolulu,HI
96886,Honolulu,HI
96887,Honolulu,HI
96888,Honolulu,HI
96889,Honolulu,HI
96890,Honolulu,HI
96891,Honolulu,HI
96892,Honolulu,HI
96893,Honolulu,HI
96894,Honolulu,HI
96895,Honolulu,HI
96896,Honolulu,HI
96897,Honolulu,HI
96813,Honolulu,HI
96814,Honolulu,HI
96815,Honolulu,HI
96816,Honolulu,HI
96817,Honolulu,HI
96818,Honolulu,HI
96819,Honolulu,HI
96820,Honolulu,HI
96821,Honolulu,HI
96822,Honolulu,HI
96823,Honolulu,HI
96825,Honolulu,HI
96826,Honolulu,HI
96801,Honolulu,HI
96802,Honolulu,HI
96803,Honolulu,HI
96804,Honolulu,HI
96805,Honolulu,HI
96806,Honolulu,HI
96807,Honolulu,HI
96808,Honolulu,HI
96809,Honolulu,HI
96810,Honolulu,HI
96811,Honolulu,HI
96812,Honolulu,HI
96850,Honolulu,HI
96860,Honolulu,HI
96898,Honolulu,HI
96704,Hawaii,HI
96705,Hawaii,HI
96706,Hawaii,HI
96707,Hawaii,HI
96708,Hawaii,HI
96709,Hawaii,HI
96710,Hawaii,HI
96711,Hawaii,HI
96712,Hawaii,HI
96713,Hawaii,HI
96714,Hawaii,HI
96715,Hawaii,HI
96716,Hawaii,HI
96717,Hawaii,HI
96718,Hawaii,HI
96719,Hawaii,HI
96720,Hawaii,HI
96721,Hawaii,HI
96722,Hawaii,HI
96723,Hawaii,HI
96724,Hawaii,HI
96725,Hawaii,HI
96726,Hawaii,HI
96727,Hawaii,HI
96728,Hawaii,HI
96729,Hawaii,HI
96730,Hawaii,HI
96731,Hawaii,HI
96732,Hawaii,HI
96733,Hawaii,HI
96734,Hawaii,HI
96735,Hawaii,HI
96736,Hawaii,HI
96737,Hawaii,HI
96738,Hawaii,HI
96739,Hawaii,HI
96740,Hawaii,HI
96741,Hawaii,HI
96742,Hawaii,HI
96743,Hawaii,HI
96744,Hawaii,HI
96745,Hawaii,HI
96746,Hawaii,HI
96747,Hawaii,HI
96748,Hawaii,HI
96749,Hawaii,HI
96750,Hawaii,HI
96751,Hawaii,HI
96752,Hawaii,HI
96753,Hawaii,HI
96754,Hawaii,HI
96755,Hawaii,HI
96756,Hawaii,HI
96757,Hawaii,HI
96758,Hawaii,HI
96759,Hawaii,HI
96760,Hawaii,HI
96761,Hawaii,HI
96762,Hawaii,HI
96763,Hawaii,HI
96764,Hawaii,HI
96765,Hawaii,HI
96766,Hawaii,HI
96767,Hawaii,HI
96768,Hawaii,HI
96769,Hawaii,HI
96770,Hawaii,HI
96771,Hawaii,HI
96772,Hawaii,HI
96773,Hawaii,HI
96774,Hawaii,HI
96775,Hawaii,HI
96776,Hawaii,HI
96777,Hawaii,HI
96778,Hawaii,HI
96779,Hawaii,HI
96780,Hawaii,HI
96781,Hawaii,HI
96782,Hawaii,HI
96783,Hawaii,HI
96784,Hawaii,HI
96720,Hawaii,HI
96725,Hawaii,HI
96727,Hawaii,HI
96728,Hawaii,HI
96737,Hawaii,HI
96738,Hawaii,HI
96740,Hawaii,HI
96743,Hawaii,HI
96749,Hawaii,HI
96750,Hawaii,HI
96755,Hawaii,HI
96760,Hawaii,HI
96771,Hawaii,HI
96772,Hawaii,HI
96773,Hawaii,HI
96774,Hawaii,HI
96776,Hawaii,HI
96777,Hawaii,HI
96778,Hawaii,HI
96780,Hawaii,HI
96781,Hawaii,HI
96783,Hawaii,HI
96785,Hawaii,HI
96708,Maui,HI
96713,Maui,HI
96729,Maui,HI
96732,Maui,HI
96753,Maui,HI
96761,Maui,HI
96768,Maui,HI
96779,Maui,HI
96784,Maui,HI
96790,Maui,HI
96793,Maui,HI
96742,Kalawao,HI
96703,Kauai,HI
96705,Kauai,HI
96714,Kauai,HI
96715,Kauai,HI
96716,Kauai,HI
96722,Kauai,HI
96741,Kauai,HI
96746,Kauai,HI
96747,Kauai,HI
96751,Kauai,HI
96752,Kauai,HI
96754,Kauai,HI
96756,Kauai,HI
96765,Kauai,HI
96766,Kauai,HI
96769,Kauai,HI
96770,Kauai,HI
