Year Month,Tax Type,Amount
Jan 2016,Tobacco,11040082.48
Jan 2016,General Excise & Use,295631721.29
Jan 2016,Banks/Financial Corp,2433855.65
Jan 2016,Individual Income,221614859.89
Jan 2016,Corporate Income,-11895823.479999997
Jan 2016,County Surcharges,22978669.22
Jan 2016,Liquor,5206097.82
Jan 2016,Transient Accommodation,41379306.18
Jan 2016,Fuel,17162355.3
Jan 2016,Rental Vehicle,4252461.04
Jan 2016,Public Service Co.,12970703.19
Jan 2016,Inheritance/Estate,176146.76
Jan 2016,All Others,10.02
Feb 2016,Corporate Income,-9202724.670000002
Feb 2016,Inheritance/Estate,4244542
Feb 2016,General Excise & Use,278954970.39
Feb 2016,All Others,5978.78
Feb 2016,Individual Income,154773782.17000002
Feb 2016,Fuel,7463195.9
Feb 2016,Public Service Co.,13091720.92
Feb 2016,Transient Accommodation,41129150.94
Feb 2016,Tobacco,8076956.94
Feb 2016,Liquor,3671270.44
Feb 2016,Rental Vehicle,4514869.04
Feb 2016,Banks/Financial Corp,503380.92
Feb 2016,County Surcharges,24451038.63
Mar 2016,County Surcharges,20313953.07
Mar 2016,General Excise & Use,243903095.34
Mar 2016,Rental Vehicle,4869577.7
Mar 2016,Individual Income,119609140.97999999
Mar 2016,Inheritance/Estate,2950917.36
Mar 2016,Tobacco,11232618.85
Mar 2016,Transient Accommodation,41288246.15
Mar 2016,Corporate Income,3820219.219999999
Mar 2016,All Others,2999.98
Mar 2016,Banks/Financial Corp,-1055777.81
Mar 2016,Public Service Co.,12735549.03
Mar 2016,Liquor,4114539.78
Mar 2016,Fuel,23775394.89
Apr 2016,Inheritance/Estate,22565.04
Apr 2016,Transient Accommodation,39650679.3
Apr 2016,County Surcharges,19840467.61
Apr 2016,Individual Income,131567560.32
Apr 2016,Fuel,15852397.85
Apr 2016,Tobacco,11850950.01
Apr 2016,Rental Vehicle,6712437.36
Apr 2016,Banks/Financial Corp,1160163.53
Apr 2016,Corporate Income,21079393.65
Apr 2016,Public Service Co.,14151651.47
Apr 2016,All Others,351.39
Apr 2016,Liquor,4538665.58
Apr 2016,General Excise & Use,274345489.92
May 2016,General Excise & Use,258608255.84
May 2016,Banks/Financial Corp,295869.7
May 2016,Inheritance/Estate,2798580.42
May 2016,County Surcharges,20615409.02
May 2016,Individual Income,285978397.33
May 2016,Tobacco,9104916.4
May 2016,Corporate Income,4946955.15
May 2016,Public Service Co.,9828000.85
May 2016,Rental Vehicle,4365034.06
May 2016,Transient Accommodation,37061312.16
May 2016,Liquor,3869980.45
May 2016,All Others,41841.77
May 2016,Fuel,16825730.92
Jun 2016,Corporate Income,25575147.9
Jun 2016,Tobacco,10990509.26
Jun 2016,County Surcharges,22110093.4
Jun 2016,Individual Income,184419229.57
Jun 2016,Liquor,4284799.68
Jun 2016,General Excise & Use,269535613.07
Jun 2016,All Others,218.65
Jun 2016,Fuel,16382466.17
Jun 2016,Inheritance/Estate,31957860.08
Jun 2016,Rental Vehicle,3805775.61
Jun 2016,Transient Accommodation,34900202.66
Jun 2016,Banks/Financial Corp,2682486.42
Jun 2016,Public Service Co.,9821468.94
Jul 2016,Inheritance/Estate,4342908.4
Jul 2016,Transient Accommodation,40679888.31
Jul 2016,Corporate Income,3210624.36
Jul 2016,Individual Income,149814338.18
Jul 2016,Banks/Financial Corp,1133131.73
Jul 2016,Fuel,15756898.26
Jul 2016,Liquor,4531911.72
Jul 2016,All Others,77.77
Jul 2016,General Excise & Use,257720140.64
Jul 2016,Rental Vehicle,4442348.13
Jul 2016,Public Service Co.,9725004.33
Jul 2016,County Surcharges,23988471.21
Jul 2016,Tobacco,10453495.23
Aug 2016,County Surcharges,17386850.37
Aug 2016,Inheritance/Estate,355444.63
Aug 2016,Fuel,16730263.33
Aug 2016,Public Service Co.,9619627.22
Aug 2016,Rental Vehicle,4368053.62
Aug 2016,General Excise & Use,268491465.12
Aug 2016,Corporate Income,-5469909.48
Aug 2016,All Others,2620.58
Aug 2016,Liquor,3850947.45
Aug 2016,Transient Accommodation,69125074.5
Aug 2016,Tobacco,11524847.98
Aug 2016,Individual Income,165686836.92000005
Aug 2016,Banks/Financial Corp,819511.1
Sep 2016,Liquor,4330163.16
Sep 2016,Fuel,16207422.74
Sep 2016,All Others,0.61
Sep 2016,Corporate Income,20735556.67
Sep 2016,Public Service Co.,9439762.33
Sep 2016,General Excise & Use,275045416.71000004
Sep 2016,Inheritance/Estate,-503031.31
Sep 2016,Individual Income,194006170.82999998
Sep 2016,Rental Vehicle,4740683.56
Sep 2016,Transient Accommodation,39849812.970000006
Sep 2016,Banks/Financial Corp,1508124.53
Sep 2016,County Surcharges,19903692.3
Sep 2016,Tobacco,9601336.43
Oct 2016,Liquor,4074046.07
Oct 2016,Transient Accommodation,35545181.61
Oct 2016,General Excise & Use,277626431.63
Oct 2016,Inheritance/Estate,2183388.88
Oct 2016,Tobacco,10514193.79
Oct 2016,Banks/Financial Corp,966595.38
Oct 2016,Corporate Income,32054410.47
Oct 2016,Rental Vehicle,3983967.21
Oct 2016,Fuel,17564334.44
Oct 2016,County Surcharges,23996344.34
Oct 2016,Public Service Co.,9418189.27
Oct 2016,Individual Income,166009628.48000002
Oct 2016,All Others,0
Nov 2016,Inheritance/Estate,5656735.78
Nov 2016,Tobacco,9611614.17
Nov 2016,Fuel,7399995.85
Nov 2016,Banks/Financial Corp,2659241.55
Nov 2016,Public Service Co.,9766918.6
Nov 2016,Transient Accommodation,32785111.46
Nov 2016,County Surcharges,20285462.31
Nov 2016,Rental Vehicle,3898669.89
Nov 2016,General Excise & Use,261306186.57
Nov 2016,Liquor,4082061.54
Nov 2016,All Others,0
Nov 2016,Individual Income,151020168.63
Nov 2016,Corporate Income,-6617099.190000001
Dec 2016,County Surcharges,19077349.94
Dec 2016,Inheritance/Estate,-129613.48
Dec 2016,Liquor,4690731.1
Dec 2016,Rental Vehicle,4188412.63
Dec 2016,Public Service Co.,10483033.06
Dec 2016,Transient Accommodation,31196847.96
Dec 2016,Individual Income,193718524.79999998
Dec 2016,Tobacco,9115255.22
Dec 2016,General Excise & Use,245219079.73
Dec 2016,Fuel,20103409.47
Dec 2016,Banks/Financial Corp,-5643226.34
Dec 2016,Corporate Income,11460689.699999997
Dec 2016,All Others,3657.35
Jan 2017,Banks/Financial Corp,2693088.68
Jan 2017,Inheritance/Estate,1117993.52
Jan 2017,County Surcharges,21200011.71
Jan 2017,Individual Income,330022698.78
Jan 2017,Fuel,20152225.6
Jan 2017,Corporate Income,-3796933.289999999
Jan 2017,Liquor,4815140.52
Jan 2017,Tobacco,11874666.54
Jan 2017,Public Service Co.,11452512.17
Jan 2017,General Excise & Use,295119307.36
Jan 2017,Transient Accommodation,46570709.2
Jan 2017,Rental Vehicle,4366029.51
Jan 2017,All Others,30.11
Feb 2017,Individual Income,86815069.29999998
Feb 2017,Rental Vehicle,4767254.38
Feb 2017,Corporate Income,-24492856.95
Feb 2017,General Excise & Use,281133638.01
Feb 2017,Liquor,3868502.44
Feb 2017,All Others,10
Feb 2017,County Surcharges,22542188.39
Feb 2017,Fuel,16509565.05
Feb 2017,Tobacco,10654640.75
Feb 2017,Banks/Financial Corp,2179593.03
Feb 2017,Transient Accommodation,51051697.03
Feb 2017,Public Service Co.,11597147.64
Feb 2017,Inheritance/Estate,2570033.47
Mar 2017,All Others,5
Mar 2017,Individual Income,139512907.94
Mar 2017,Transient Accommodation,41994272.71
Mar 2017,General Excise & Use,255850197.25
Mar 2017,Tobacco,7953794.01
Mar 2017,Liquor,3915648.1
Mar 2017,Inheritance/Estate,1431561.66
Mar 2017,Rental Vehicle,4634953.88
Mar 2017,Corporate Income,-3621691.5299999993
Mar 2017,County Surcharges,20363784.74
Mar 2017,Fuel,14902482.6
Mar 2017,Public Service Co.,11437892.16
Mar 2017,Banks/Financial Corp,-221.93
Apr 2017,Liquor,4430384.8
Apr 2017,County Surcharges,20794172.74
Apr 2017,Inheritance/Estate,1148432.75
Apr 2017,Corporate Income,16944058.689999998
Apr 2017,General Excise & Use,279682729.12
Apr 2017,Fuel,16270627.23
Apr 2017,Individual Income,142848195.84
Apr 2017,Banks/Financial Corp,1886838.83
Apr 2017,All Others,6000
Apr 2017,Public Service Co.,11231654.15
Apr 2017,Transient Accommodation,40650689.29
Apr 2017,Tobacco,11474750.79
Apr 2017,Rental Vehicle,5175737.36
May 2017,Inheritance/Estate,204568.69
May 2017,Public Service Co.,9996567.34
May 2017,Rental Vehicle,4410503.88
May 2017,Tobacco,11105723.83
May 2017,All Others,17833.23
May 2017,General Excise & Use,272780640.74
May 2017,Corporate Income,11820298.309999999
May 2017,Individual Income,238873374.64999998
May 2017,Liquor,3901960.55
May 2017,Banks/Financial Corp,934449.09
May 2017,Fuel,16532048.36
May 2017,County Surcharges,20789559.37
May 2017,Transient Accommodation,43799313.019999996
Jun 2017,All Others,5554.05
Jun 2017,County Surcharges,17830581.17
Jun 2017,Public Service Co.,7991021.51
Jun 2017,Corporate Income,24533609.4
Jun 2017,Banks/Financial Corp,2036487.97
Jun 2017,Liquor,4675768.42
Jun 2017,Rental Vehicle,4211856.12
Jun 2017,Transient Accommodation,35128365.99
Jun 2017,Individual Income,234474749.2
Jun 2017,Tobacco,10181667.21
Jun 2017,General Excise & Use,269947813.46999997
Jun 2017,Inheritance/Estate,589908.48
Jun 2017,Fuel,16631957.69
Jul 2017,Inheritance/Estate,-145112.31
Jul 2017,Banks/Financial Corp,1245196.26
Jul 2017,Tobacco,9637037.77
Jul 2017,General Excise & Use,295461899.33000004
Jul 2017,Transient Accommodation,50380331.99
Jul 2017,Corporate Income,8841939.39
Jul 2017,County Surcharges,26450228
Jul 2017,All Others,5125.39
Jul 2017,Rental Vehicle,4461247.85
Jul 2017,Public Service Co.,9038304.64
Jul 2017,Liquor,4623822.61
Jul 2017,Individual Income,155244881.44
Jul 2017,Fuel,16971532.4
Aug 2017,All Others,5005
Aug 2017,Inheritance/Estate,-1249373.13
Aug 2017,Tobacco,12125235.51
Aug 2017,Banks/Financial Corp,1138851.1
Aug 2017,Transient Accommodation,46679890.95
Aug 2017,Liquor,3771696.25
Aug 2017,County Surcharges,22935413.04
Aug 2017,General Excise & Use,300710728.56
Aug 2017,Corporate Income,10243381.86
Aug 2017,Individual Income,175000608.94
Aug 2017,Public Service Co.,8954246.02
Aug 2017,Fuel,16666730.95
Aug 2017,Rental Vehicle,4640646.77
Sep 2017,Banks/Financial Corp,2113749.38
Sep 2017,Inheritance/Estate,14279467.43
Sep 2017,Liquor,4545511.45
Sep 2017,Public Service Co.,8725536.23
Sep 2017,Corporate Income,16909470.68
Sep 2017,Tobacco,9384558.19
Sep 2017,Individual Income,208925167.82999998
Sep 2017,All Others,4067.02
Sep 2017,County Surcharges,24609338.15
Sep 2017,Transient Accommodation,38211351.699999996
Sep 2017,Rental Vehicle,4599100.68
Sep 2017,Fuel,18067770.84
Sep 2017,General Excise & Use,305015307.84000003
Oct 2017,General Excise & Use,276347716.09999996
Oct 2017,Liquor,3808447.97
Oct 2017,All Others,245420.58
Oct 2017,Individual Income,156749732.21
Oct 2017,Public Service Co.,8738076.11
Oct 2017,Corporate Income,-1311630.54
Oct 2017,Fuel,16567768.17
Oct 2017,Rental Vehicle,3957440.29
Oct 2017,Banks/Financial Corp,1285953.89
Oct 2017,Transient Accommodation,38691442.82
Oct 2017,Inheritance/Estate,942343.09
Oct 2017,County Surcharges,27583011.86
Oct 2017,Tobacco,11146817.41
Nov 2017,General Excise & Use,237785595.44
Nov 2017,Tobacco,8758528.91
Nov 2017,Rental Vehicle,4153335.3
Nov 2017,County Surcharges,25597366.06
Nov 2017,Fuel,17121352.02
Nov 2017,Individual Income,192511434.55
Nov 2017,Transient Accommodation,35893519.96
Nov 2017,Corporate Income,-7691331.85
Nov 2017,All Others,2010
Nov 2017,Banks/Financial Corp,-1481744.19
Nov 2017,Public Service Co.,8885560.51
Nov 2017,Inheritance/Estate,179086.7
Nov 2017,Liquor,4149452.24
Dec 2017,Corporate Income,16523040.580000002
Dec 2017,Individual Income,202204255.54999998
Dec 2017,Public Service Co.,8724904.74
Dec 2017,County Surcharges,19565787.9
Dec 2017,Transient Accommodation,35866349.18
Dec 2017,All Others,9400.62
Dec 2017,Rental Vehicle,4347489.57
Dec 2017,General Excise & Use,280681707.88
Dec 2017,Banks/Financial Corp,847471.45
Dec 2017,Fuel,16604238.92
Dec 2017,Inheritance/Estate,1125593.84
Dec 2017,Liquor,4600960.81
Dec 2017,Tobacco,8977442.88
Jan 2018,Inheritance/Estate,652169.32
Jan 2018,Rental Vehicle,4250481.37
Jan 2018,All Others,5076.26
Jan 2018,Corporate Income,6743448.3
Jan 2018,General Excise & Use,339309092.55
Jan 2018,Transient Accommodation,52756632.309999995
Jan 2018,Fuel,16784306.87
Jan 2018,Liquor,4798445.44
Jan 2018,Banks/Financial Corp,1910721.21
Jan 2018,Tobacco,11478443.21
Jan 2018,County Surcharges,23688065.83
Jan 2018,Public Service Co.,9427927.22
Jan 2018,Individual Income,329527627.59000003
Feb 2018,Individual Income,67715236.33999999
Feb 2018,Tobacco,9987644.75
Feb 2018,Banks/Financial Corp,947422.2
Feb 2018,Public Service Co.,9398388.55
Feb 2018,Fuel,16425799.4
Feb 2018,Rental Vehicle,4990762.72
Feb 2018,County Surcharges,22671136.01
Feb 2018,Inheritance/Estate,10912516.27
Feb 2018,Liquor,4059556.45
Feb 2018,Corporate Income,5544693.82
Feb 2018,Transient Accommodation,56453236.89
Feb 2018,General Excise & Use,336585565.74
Feb 2018,All Others,25814.52
Mar 2018,Corporate Income,7014015.24
Mar 2018,Individual Income,111465304.76999998
Mar 2018,Transient Accommodation,47152684.769999996
Mar 2018,Inheritance/Estate,781075.57
Mar 2018,All Others,220737.82
Mar 2018,Rental Vehicle,4975229.21
Mar 2018,General Excise & Use,283384353.19
Mar 2018,Fuel,15176130.14
Mar 2018,Banks/Financial Corp,1013746.36
Mar 2018,County Surcharges,20812845.94
Mar 2018,Liquor,4003164.89
Mar 2018,Tobacco,9164608.11
Mar 2018,Public Service Co.,9447191.46
Apr 2018,Inheritance/Estate,73398.44
Apr 2018,Banks/Financial Corp,3254236.72
Apr 2018,Transient Accommodation,56820730.24
Apr 2018,Liquor,4354780.8
Apr 2018,General Excise & Use,174886350.02
Apr 2018,Corporate Income,43288211.97
Apr 2018,Individual Income,313498471.14
Apr 2018,Rental Vehicle,5198584.14
Apr 2018,Tobacco,9447974.2
Apr 2018,Public Service Co.,13514437.46
Apr 2018,All Others,3016.34
Apr 2018,Fuel,17115263.07
Apr 2018,County Surcharges,22565831.22
May 2018,Tobacco,9057375.13
May 2018,Fuel,16909759.67
May 2018,General Excise & Use,298654681.96999997
May 2018,Inheritance/Estate,1046224.32
May 2018,Public Service Co.,12157385.49
May 2018,Corporate Income,-22329543.380000003
May 2018,Rental Vehicle,4664651.28
May 2018,Transient Accommodation,51857441.48
May 2018,Individual Income,320797856.91
May 2018,All Others,2549.51
May 2018,Banks/Financial Corp,771005.95
May 2018,Liquor,3943684.45
May 2018,County Surcharges,22123533.15
Jun 2018,Fuel,17367075.73
Jun 2018,County Surcharges,22986417.7
Jun 2018,Liquor,4723057.23
Jun 2018,All Others,6003.71
Jun 2018,Individual Income,224178882.24
Jun 2018,Tobacco,11356563.47
Jun 2018,Banks/Financial Corp,2665402.11
Jun 2018,Rental Vehicle,4607340.94
Jun 2018,Corporate Income,19879843.13
Jun 2018,Transient Accommodation,44148664.17
Jun 2018,Inheritance/Estate,753663.15
Jun 2018,General Excise & Use,267444444.01000002
Jun 2018,Public Service Co.,10629124.61
Jul 2018,All Others,5000
Jul 2018,County Surcharges,23333231.4
Jul 2018,Fuel,16944184.23
Jul 2018,Inheritance/Estate,4456616.12
Jul 2018,Public Service Co.,9213554.08
Jul 2018,Rental Vehicle,4303559.93
Jul 2018,Transient Accommodation,56557508.51
Jul 2018,Banks/Financial Corp,747532.26
Jul 2018,General Excise & Use,304577231.72999996
Jul 2018,Tobacco,9417456.54
Jul 2018,Individual Income,171007939.31
Jul 2018,Liquor,4407943.15
Jul 2018,Corporate Income,-6372391.19
Aug 2018,Rental Vehicle,4951921.15
Aug 2018,General Excise & Use,294024165.03
Aug 2018,Individual Income,179143095.91
Aug 2018,Corporate Income,7263508.44
Aug 2018,Transient Accommodation,53347757.56
Aug 2018,Fuel,17713127.16
Aug 2018,Public Service Co.,10179741.38
Aug 2018,All Others,0
Aug 2018,County Surcharges,22205168
Aug 2018,Liquor,4178460.43
Aug 2018,Tobacco,9226580.67
Aug 2018,Banks/Financial Corp,518468.38
Aug 2018,Inheritance/Estate,1872799.24
Sep 2018,General Excise & Use,281926817.60999995
Sep 2018,County Surcharges,23865517.06
Sep 2018,Tobacco,9299854.82
Sep 2018,Public Service Co.,10803124.57
Sep 2018,Inheritance/Estate,715884
Sep 2018,Fuel,17963823.59
Sep 2018,Transient Accommodation,47637243
Sep 2018,Individual Income,229170474.2
Sep 2018,Corporate Income,21296751.560000002
Sep 2018,Rental Vehicle,4569179.22
Sep 2018,All Others,172.14
Sep 2018,Liquor,4502698.15
Sep 2018,Banks/Financial Corp,1102073.88
Oct 2018,County Surcharges,23751804.77
Oct 2018,Public Service Co.,10096481.73
Oct 2018,Corporate Income,14678952.68
Oct 2018,Rental Vehicle,3793348.75
Oct 2018,Banks/Financial Corp,-1094496.06
Oct 2018,Transient Accommodation,45545596.57
Oct 2018,Tobacco,11064908.53
Oct 2018,Fuel,16681350.1
Oct 2018,General Excise & Use,288748553.84
Oct 2018,All Others,163.97
Oct 2018,Liquor,3708780.28
Oct 2018,Inheritance/Estate,1799915.5
Oct 2018,Individual Income,202704983.89000002
Nov 2018,Corporate Income,5538094.81
Nov 2018,Public Service Co.,9998260.64
Nov 2018,Inheritance/Estate,1001786.8
Nov 2018,Liquor,4497785.56
Nov 2018,General Excise & Use,277260034.53
Nov 2018,Fuel,18029920.54
Nov 2018,County Surcharges,19431957.43
Nov 2018,Rental Vehicle,4441452.34
Nov 2018,Tobacco,7942886.76
Nov 2018,Individual Income,173454509.13
Nov 2018,Transient Accommodation,40164638.84
Nov 2018,All Others,10013.6
Nov 2018,Banks/Financial Corp,513763.13
Dec 2018,Rental Vehicle,4224255.03
Dec 2018,County Surcharges,22268030.96
Dec 2018,General Excise & Use,280448536.65000004
Dec 2018,Liquor,4619530.91
Dec 2018,Corporate Income,23592660.38
Dec 2018,Tobacco,10133370.87
Dec 2018,Individual Income,201121685.14
Dec 2018,Banks/Financial Corp,-1475663.08
Dec 2018,Public Service Co.,10122811.23
Dec 2018,Fuel,16399743.16
Dec 2018,Inheritance/Estate,4896162.12
Dec 2018,Transient Accommodation,39377871.94
Dec 2018,All Others,31686.12
Jan 2019,County Surcharges,25467981.08
Jan 2019,Fuel,17182407.32
Jan 2019,General Excise & Use,337895037.48999995
Jan 2019,Liquor,4980567.07
Jan 2019,Public Service Co.,11140986.56
Jan 2019,Corporate Income,20952135.63
Jan 2019,Tobacco,10725151.71
Jan 2019,Transient Accommodation,58905317.91
Jan 2019,Individual Income,312753152.12
Jan 2019,Banks/Financial Corp,3695101.21
Jan 2019,All Others,24993.75
Jan 2019,Rental Vehicle,4242233.39
Jan 2019,Inheritance/Estate,-1084149.8
Feb 2019,Transient Accommodation,58918723.88
Feb 2019,Rental Vehicle,6698993.22
Feb 2019,Individual Income,80475872.09000002
Feb 2019,Inheritance/Estate,-530713.78
Feb 2019,Liquor,4120300.91
Feb 2019,Corporate Income,-19412016.02
Feb 2019,Fuel,17372383.33
Feb 2019,Tobacco,8653897.31
Feb 2019,Public Service Co.,11370556.79
Feb 2019,County Surcharges,28776250.72
Feb 2019,General Excise & Use,302793173.51
Feb 2019,All Others,20487.38
Feb 2019,Banks/Financial Corp,3132867.17
Mar 2019,Rental Vehicle,6291796.69
Mar 2019,Individual Income,131022589.88
Mar 2019,Public Service Co.,11213748.28
Mar 2019,Inheritance/Estate,459573.83
Mar 2019,County Surcharges,23783384.08
Mar 2019,Liquor,3898421.21
Mar 2019,Tobacco,7902475.95
Mar 2019,General Excise & Use,275886326.94
Mar 2019,Transient Accommodation,49338456.38
Mar 2019,Fuel,15691786.63
Mar 2019,All Others,4815.06
Mar 2019,Banks/Financial Corp,3531816.15
Mar 2019,Corporate Income,15950467.690000001
Apr 2019,Liquor,4141843.67
Apr 2019,Rental Vehicle,5072998.71
Apr 2019,Tobacco,10603633.66
Apr 2019,General Excise & Use,323263259.34000003
Apr 2019,Transient Accommodation,56409070.16
Apr 2019,Inheritance/Estate,1618524.2
Apr 2019,Public Service Co.,12117133.65
Apr 2019,Fuel,17400393.33
Apr 2019,Corporate Income,45744489.16
Apr 2019,Individual Income,354885147.09000003
Apr 2019,All Others,5021.77
Apr 2019,Banks/Financial Corp,8841688.89
Apr 2019,County Surcharges,19852475.18
May 2019,County Surcharges,28908475.81
May 2019,Fuel,17165549.83
May 2019,General Excise & Use,312436866.69
May 2019,Inheritance/Estate,1652437.1
May 2019,Liquor,4320625.97
May 2019,Public Service Co.,9157360.94
May 2019,Corporate Income,12288443.25
May 2019,Rental Vehicle,4800205.59
May 2019,Tobacco,7864920.89
May 2019,Transient Accommodation,51558730.65
May 2019,Individual Income,298430371.34000003
May 2019,All Others,12923.33
May 2019,Banks/Financial Corp,3682037.19
Jun 2019,All Others,3141.79
Jun 2019,Public Service Co.,11277512.83
Jun 2019,Individual Income,234446224.24
Jun 2019,Corporate Income,22154777.35
Jun 2019,Rental Vehicle,4604110.82
Jun 2019,Banks/Financial Corp,3613030.97
Jun 2019,Transient Accommodation,42573021.83
Jun 2019,Tobacco,9682527.04
Jun 2019,Inheritance/Estate,2062370.56
Jun 2019,General Excise & Use,262866015.49
Jun 2019,Fuel,17799950.7
Jun 2019,County Surcharges,29074401.51
Jun 2019,Liquor,4536324.64
Jul 2019,Transient Accommodation,60087473.4
Jul 2019,County Surcharges,29787041.95
Jul 2019,General Excise & Use,329321359.39000005
Jul 2019,Inheritance/Estate,6416198.4
Jul 2019,Liquor,4346940.93
Jul 2019,Tobacco,9050230.69
Jul 2019,Corporate Income,7087167.0600000005
Jul 2019,Individual Income,200537888.71
Jul 2019,Public Service Co.,11158019.79
Jul 2019,All Others,5000
Jul 2019,Banks/Financial Corp,3094440.04
Jul 2019,Fuel,5354525.67
Jul 2019,Rental Vehicle,4698333.26
Aug 2019,Banks/Financial Corp,-3762013.14
Aug 2019,Liquor,4372409.22
Aug 2019,General Excise & Use,299981533.77000004
Aug 2019,Public Service Co.,10868651.57
Aug 2019,County Surcharges,27604650.51
Aug 2019,Corporate Income,-3385932.3900000006
Aug 2019,Fuel,17103114.1
Aug 2019,Transient Accommodation,61174894.93
Aug 2019,Individual Income,181304485.67
Aug 2019,Inheritance/Estate,8501931.91
Aug 2019,Tobacco,9823704.09
Aug 2019,Rental Vehicle,6991476.28
Aug 2019,All Others,4047.56
Sep 2019,Transient Accommodation,55975179.86
Sep 2019,Liquor,4491514.48
Sep 2019,Inheritance/Estate,2201079.76
Sep 2019,Public Service Co.,11529310.7
Sep 2019,Corporate Income,22497044.439999998
Sep 2019,County Surcharges,28325959.09
Sep 2019,Fuel,31406181.94
Sep 2019,General Excise & Use,293990956.56
Sep 2019,Rental Vehicle,7975468.33
Sep 2019,Tobacco,10790128.76
Sep 2019,Individual Income,277356914.28999996
Sep 2019,Banks/Financial Corp,4597226.61
Sep 2019,All Others,-4734.96
Oct 2019,County Surcharges,25490039.95
Oct 2019,Fuel,17296533.78
Oct 2019,General Excise & Use,298459338.32
Oct 2019,Inheritance/Estate,912761.95
Oct 2019,Liquor,3881437.07
Oct 2019,Public Service Co.,10984780.24
Oct 2019,Corporate Income,11636908.3
Oct 2019,Banks/Financial Corp,3373687.09
Oct 2019,Transient Accommodation,49138698.37
Oct 2019,Tobacco,8822381.39
Oct 2019,All Others,4385.92
Oct 2019,Individual Income,229142992.45000002
Oct 2019,Rental Vehicle,6750663.57
Nov 2019,All Others,5395
Nov 2019,Individual Income,165839157.36999997
Nov 2019,Banks/Financial Corp,1405138.37
Nov 2019,County Surcharges,27444813.47
Nov 2019,Fuel,17917377.57
Nov 2019,General Excise & Use,281470928.22
Nov 2019,Inheritance/Estate,1293270.05
Nov 2019,Liquor,4656595.56
Nov 2019,Public Service Co.,10965476.48
Nov 2019,Corporate Income,-26753164.760000005
Nov 2019,Rental Vehicle,6932027.7
Nov 2019,Tobacco,10021884.54
Nov 2019,Transient Accommodation,46772763.99
Dec 2019,Individual Income,217397286.76
Dec 2019,General Excise & Use,284570469.73
Dec 2019,Corporate Income,28383040.090000004
Dec 2019,Banks/Financial Corp,2575713.91
Dec 2019,County Surcharges,25635556.13
Dec 2019,Fuel,17164979.009999998
Dec 2019,Inheritance/Estate,741961.89
Dec 2019,Liquor,4472312.14
Dec 2019,Public Service Co.,11058963.93
Dec 2019,Rental Vehicle,7078340.37
Dec 2019,Tobacco,7809115.61
Dec 2019,Transient Accommodation,46546401.98
Dec 2019,All Others,3070
Jan 2020,Individual Income,348930075
Jan 2020,County Surcharges,31238908
Jan 2020,Fuel,17477634.07
Jan 2020,Inheritance/Estate,3016392
Jan 2020,Liquor,5308176
Jan 2020,Public Service Co.,11588740
Jan 2020,Rental Vehicle,7589432.05
Jan 2020,Tobacco,11085844
Jan 2020,Transient Accommodation,73761295
Jan 2020,All Others,6035
Jan 2020,Banks/Financial Corp,3240944
Jan 2020,Corporate Income,12337483
Jan 2020,General Excise & Use,369050448
Feb 2020,Rental Vehicle,8502995.46
Feb 2020,Fuel,17197335.61
Feb 2020,County Surcharges,30045347
Feb 2020,Tobacco,9430921
Feb 2020,Banks/Financial Corp,3798812
Feb 2020,Corporate Income,-5730954
Feb 2020,General Excise & Use,310359006
Feb 2020,Inheritance/Estate,1351650
Feb 2020,All Others,437
Feb 2020,Individual Income,95367467
Feb 2020,Public Service Co.,11207319
Feb 2020,Transient Accommodation,64016641
Feb 2020,Liquor,4260382
Mar 2020,Corporate Income,-31506903.230000004
Mar 2020,Individual Income,115758877.32000002
Mar 2020,Inheritance/Estate,426400.39
Mar 2020,Liquor,4020419.51
Mar 2020,Rental Vehicle,8260435.17
Mar 2020,Public Service Co.,11823825.44
Mar 2020,Tobacco,7900585.85
Mar 2020,Transient Accommodation,59372755.32
Mar 2020,All Others,5015.03
Mar 2020,County Surcharges,29148869.55
Mar 2020,General Excise & Use,292057103.48
Mar 2020,Banks/Financial Corp,4558374.14
Mar 2020,Fuel,16557643.29
Apr 2020,General Excise & Use,266526430.16
Apr 2020,Liquor,4263204.16
Apr 2020,Public Service Co.,11682928.89
Apr 2020,Tobacco,8703492.39
Apr 2020,Transient Accommodation,37553410.05
Apr 2020,Fuel,16015901.47
Apr 2020,Individual Income,206079336.04999995
Apr 2020,All Others,5000
Apr 2020,County Surcharges,26414325.41
Apr 2020,Rental Vehicle,6515581.37
Apr 2020,Inheritance/Estate,813267.82
Apr 2020,Corporate Income,4384690.01
Apr 2020,Banks/Financial Corp,5982561.51
May 2020,County Surcharges,21504258.12
May 2020,Corporate Income,-10803372.669999998
May 2020,Individual Income,120871356.86
May 2020,Liquor,3132058.22
May 2020,Rental Vehicle,626575.95
May 2020,Public Service Co.,10902613.64
May 2020,Tobacco,9395390.81
May 2020,Transient Accommodation,4616349.54
May 2020,All Others,3010
May 2020,Inheritance/Estate,14811091.78
May 2020,General Excise & Use,190789293.21
May 2020,Banks/Financial Corp,2876895
May 2020,Fuel,10117810.32
Jun 2020,County Surcharges,27286284.37
Jun 2020,Corporate Income,261361.41000000015
Jun 2020,Individual Income,201230067.08999997
Jun 2020,Inheritance/Estate,4965196.08
Jun 2020,Liquor,3468529.94
Jun 2020,Public Service Co.,10868839.56
Jun 2020,Tobacco,9148886.98
Jun 2020,Transient Accommodation,5302451.05
Jun 2020,All Others,5066.44
Jun 2020,Fuel,11906819.129999999
Jun 2020,Rental Vehicle,581549.59
Jun 2020,General Excise & Use,220200284.13
Jun 2020,Banks/Financial Corp,3529519.81
Jul 2020,County Surcharges,26975255.19
Jul 2020,Corporate Income,33794312.06
Jul 2020,Individual Income,482115409.15999997
Jul 2020,Inheritance/Estate,6001591.62
Jul 2020,Rental Vehicle,669527.77
Jul 2020,Public Service Co.,11198537.86
Jul 2020,Tobacco,9143450.51
Jul 2020,Transient Accommodation,5968264.08
Jul 2020,All Others,4005
Jul 2020,Fuel,13305743.959999999
Jul 2020,General Excise & Use,255507280.92000002
Jul 2020,Banks/Financial Corp,3089068.61
Jul 2020,Liquor,3605296.88
Aug 2020,All Others,5005
Aug 2020,Inheritance/Estate,2095656.81
Aug 2020,Tobacco,9444289.1
Aug 2020,General Excise & Use,218561743.17000002
Aug 2020,Banks/Financial Corp,2759578.44
Aug 2020,Individual Income,169075587.26000002
Aug 2020,Corporate Income,-14100751.450000001
Aug 2020,Liquor,3664382.7
Aug 2020,County Surcharges,23764825.4
Aug 2020,Rental Vehicle,886492.03
Aug 2020,Transient Accommodation,4393239.7
Aug 2020,Public Service Co.,10813665.52
Aug 2020,Fuel,14519812.92
Sep 2020,Inheritance/Estate,1282919.28
Sep 2020,Liquor,3245418.18
Sep 2020,Rental Vehicle,740133.07
Sep 2020,Public Service Co.,10977625.78
Sep 2020,Tobacco,8614432.97
Sep 2020,Transient Accommodation,3599854.1
Sep 2020,Fuel,13168451.98
Sep 2020,All Others,4010
Sep 2020,Corporate Income,24015962.919999998
Sep 2020,General Excise & Use,222144284.2
Sep 2020,County Surcharges,23332668.27
Sep 2020,Banks/Financial Corp,6215422.97
Sep 2020,Individual Income,264694276
Oct 2020,Public Service Co.,10908228.54
Oct 2020,All Others,2070.24
Oct 2020,Individual Income,191474641.12000003
Oct 2020,Inheritance/Estate,5839431.49
Oct 2020,Liquor,3322796.94
Oct 2020,Rental Vehicle,652678.05
Oct 2020,Transient Accommodation,3532424.48
Oct 2020,Tobacco,10028577.41
Oct 2020,General Excise & Use,223703382.48
Oct 2020,County Surcharges,23187380.63
Oct 2020,Corporate Income,6915465.339999999
Oct 2020,Banks/Financial Corp,3071709.07
Oct 2020,Fuel,12099342.44
Nov 2020,Individual Income,170778593.76999998
Nov 2020,Public Service Co.,10660328.93
Nov 2020,Tobacco,7457192.87
Nov 2020,Transient Accommodation,6066597.65
Nov 2020,County Surcharges,23909373.56
Nov 2020,Liquor,3511652.43
Nov 2020,Inheritance/Estate,2639276.27
Nov 2020,Corporate Income,-1668565.0300000012
Nov 2020,Rental Vehicle,955707.52
Nov 2020,All Others,519.97
Nov 2020,Fuel,14103014.94
Nov 2020,Banks/Financial Corp,2725539.77
Nov 2020,General Excise & Use,229038283.25
Dec 2020,General Excise & Use,241514671.13
Dec 2020,Public Service Co.,10563184.89
Dec 2020,Corporate Income,23389602.009999998
Dec 2020,County Surcharges,23579786.18
Dec 2020,Individual Income,231009001.97
Dec 2020,Inheritance/Estate,569323.42
Dec 2020,Rental Vehicle,2607550.54
Dec 2020,Tobacco,8961408.73
Dec 2020,Transient Accommodation,13850032.29
Dec 2020,All Others,309.47
Dec 2020,Liquor,3798697
Dec 2020,Fuel,13770601.540000001
Dec 2020,Banks/Financial Corp,2952097.29
Jan 2021,Corporate Income,9091533.440000001
Jan 2021,Individual Income,332493075.28
Jan 2021,Inheritance/Estate,-841234
Jan 2021,All Others,137.14
Jan 2021,Liquor,4438336.22
Jan 2021,Rental Vehicle,3104631.85
Jan 2021,Public Service Co.,9876070.8
Jan 2021,Tobacco,8536619.66
Jan 2021,Transient Accommodation,21867390.72
Jan 2021,Banks/Financial Corp,-527551.16
Jan 2021,General Excise & Use,305654285.48999995
Jan 2021,Fuel,15082613.91
Jan 2021,County Surcharges,30838853.51
Feb 2021,Public Service Co.,9970643.31
Feb 2021,Liquor,3292305.22
Feb 2021,Corporate Income,1413013.37
Feb 2021,Inheritance/Estate,2234996.92
Feb 2021,General Excise & Use,247500107.73999998
Feb 2021,Banks/Financial Corp,-37956598.5
Feb 2021,County Surcharges,25862240.49
Feb 2021,Individual Income,133980415.88
Feb 2021,All Others,96.25
Feb 2021,Rental Vehicle,4624404.29
Feb 2021,Tobacco,7592808.53
Feb 2021,Transient Accommodation,17567468.83
Feb 2021,Fuel,14306588.540000001
Mar 2021,Individual Income,190944415.87
Mar 2021,Inheritance/Estate,1226028.96
Mar 2021,Liquor,3456749.56
Mar 2021,Rental Vehicle,3648094.93
Mar 2021,Public Service Co.,9488733.89
Mar 2021,Tobacco,12114058
Mar 2021,General Excise & Use,240499887.07
Mar 2021,All Others,-56593.07
Mar 2021,County Surcharges,23595729.89
Mar 2021,Transient Accommodation,20937840.96
Mar 2021,Corporate Income,-11927996.87
Mar 2021,Fuel,13553337.11
Mar 2021,Banks/Financial Corp,1848459.01
Apr 2021,Fuel,15325897.75
Apr 2021,Banks/Financial Corp,9680794.91
Apr 2021,Individual Income,545404396.66
Apr 2021,All Others,56698.97
Apr 2021,Inheritance/Estate,5300739.9
Apr 2021,Corporate Income,62143162.26
Apr 2021,Liquor,4325778.25
Apr 2021,Rental Vehicle,3698282.31
Apr 2021,Tobacco,8504979.43
Apr 2021,Public Service Co.,10846516.02
Apr 2021,Transient Accommodation,36000433.07
Apr 2021,County Surcharges,29996135.71
Apr 2021,General Excise & Use,307289303
May 2021,County Surcharges,29537051.67
May 2021,Individual Income,308202218.46000004
May 2021,Inheritance/Estate,4211537.07
May 2021,Liquor,4278281.35
May 2021,Rental Vehicle,5071496.96
May 2021,Public Service Co.,9750262.59
May 2021,Tobacco,8135770.27
May 2021,Transient Accommodation,37262730.62
May 2021,All Others,3130.39
May 2021,General Excise & Use,295193335.7
May 2021,Fuel,15897903.45
May 2021,Banks/Financial Corp,4060320.64
May 2021,Corporate Income,9930879.09
Jun 2021,Corporate Income,43683432.76
Jun 2021,Tobacco,9920559.82
Jun 2021,Liquor,4238289.58
Jun 2021,Rental Vehicle,5550637.08
Jun 2021,Public Service Co.,10147425.72
Jun 2021,All Others,5183.04
Jun 2021,County Surcharges,28966162.52
Jun 2021,Transient Accommodation,44269946.51
Jun 2021,Individual Income,335279634.73
Jun 2021,Inheritance/Estate,714835.93
Jun 2021,General Excise & Use,294371511.22999996
Jun 2021,Banks/Financial Corp,7160252.39
Jun 2021,Fuel,16676773.440000001
Jul 2021,General Excise & Use,353710077.49
Jul 2021,County Surcharges,35257779.82
Jul 2021,Corporate Income,13181729.980000002
Jul 2021,Individual Income,227180365.09
Jul 2021,Inheritance/Estate,3373180.82
Jul 2021,Liquor,4992463.46
Jul 2021,Transient Accommodation,65085355.58
Jul 2021,All Others,7802.6
Jul 2021,Public Service Co.,9423524.35
Jul 2021,Tobacco,8512618.95
Jul 2021,Rental Vehicle,5643917.18
Jul 2021,Fuel,17011513.64
Jul 2021,Banks/Financial Corp,2852364.45
Aug 2021,Transient Accommodation,69082052.75
Aug 2021,Rental Vehicle,6034036.77
Aug 2021,Liquor,4580101.93
Aug 2021,Inheritance/Estate,422148.18
Aug 2021,Corporate Income,-2415701.45
Aug 2021,General Excise & Use,324288131.26
Aug 2021,Tobacco,7739635.86
Aug 2021,County Surcharges,31402246.5
Aug 2021,Individual Income,219688887.75
Aug 2021,Public Service Co.,9416958.81
Aug 2021,All Others,4007.89
Aug 2021,Fuel,17143199.51
Aug 2021,Banks/Financial Corp,2976819.11
Sep 2021,General Excise & Use,318487742.76
Sep 2021,County Surcharges,31033941.5
Sep 2021,Inheritance/Estate,1583821.03
Sep 2021,All Others,6005
Sep 2021,Liquor,4581941.68
Sep 2021,Rental Vehicle,6006222.37
Sep 2021,Corporate Income,55435477.33
Sep 2021,Tobacco,7900374.67
Sep 2021,Transient Accommodation,61295812.19
Sep 2021,Fuel,17208537.29
Sep 2021,Individual Income,362509288.2
Sep 2021,Public Service Co.,9834432.2
Sep 2021,Banks/Financial Corp,4770287.72
Oct 2021,Liquor,4174889.53
Oct 2021,Fuel,15949084.25
Oct 2021,Corporate Income,15539114.2
Oct 2021,Individual Income,231985035.9
Oct 2021,Inheritance/Estate,2014578.89
Oct 2021,All Others,4010
Oct 2021,Rental Vehicle,4914202.76
Oct 2021,Tobacco,6742432.7
Oct 2021,Public Service Co.,9487496.91
Oct 2021,Transient Accommodation,44793121.3
Oct 2021,County Surcharges,30875044.87
Oct 2021,Banks/Financial Corp,5512132.14
Oct 2021,General Excise & Use,314475883.19
Nov 2021,Individual Income,208029096.09
Nov 2021,Inheritance/Estate,729793
Nov 2021,Liquor,4038595.01
Nov 2021,Rental Vehicle,5529741.38
Nov 2021,Public Service Co.,9602512.2
Nov 2021,Tobacco,8273232.48
Nov 2021,All Others,4380
Nov 2021,County Surcharges,29199611.71
Nov 2021,Transient Accommodation,41897656.75
Nov 2021,Corporate Income,9199679.05
Nov 2021,Fuel,16334297.719999999
Nov 2021,General Excise & Use,293169576.71999997
Nov 2021,Banks/Financial Corp,1283027.72
Dec 2021,Public Service Co.,9343903.02
Dec 2021,Transient Accommodation,48267559.12
Dec 2021,County Surcharges,30384611.77
Dec 2021,Fuel,15840436.39
Dec 2021,Corporate Income,31002066.300000004
Dec 2021,Liquor,4685279.7
Dec 2021,Inheritance/Estate,3186159.92
Dec 2021,Tobacco,10022183.5
Dec 2021,Rental Vehicle,5766520.66
Dec 2021,All Others,5095
Dec 2021,Individual Income,260187103.54000002
Dec 2021,General Excise & Use,310499795.17
Dec 2021,Banks/Financial Corp,5362125.92
Jan 2022,Corporate Income,7330363.91
Jan 2022,Individual Income,446485169
Jan 2022,County Surcharges,37786683.7
Jan 2022,Inheritance/Estate,2320800.68
Jan 2022,Rental Vehicle,6385760.61
Jan 2022,Public Service Co.,10062830.55
Jan 2022,Tobacco,8897605.29
Jan 2022,Transient Accommodation,81960686.48
Jan 2022,Fuel,16268449.19
Jan 2022,Liquor,5124485.27
Jan 2022,All Others,4035
Jan 2022,General Excise & Use,391940516.22
Jan 2022,Banks/Financial Corp,5147641.07
Feb 2022,County Surcharges,30911007.83
Feb 2022,Liquor,3875189.02
Feb 2022,Individual Income,142528948.28
Feb 2022,Public Service Co.,10860889.39
Feb 2022,Corporate Income,1542762.839999999
Feb 2022,Inheritance/Estate,8670623.13
Feb 2022,Rental Vehicle,8293094.28
Feb 2022,Tobacco,5656603.05
Feb 2022,Transient Accommodation,56299420.050000004
Feb 2022,All Others,5030
Feb 2022,General Excise & Use,314792004.38
Feb 2022,Banks/Financial Corp,2481657.36
Feb 2022,Fuel,15700549.78
Mar 2022,Corporate Income,10347930.399999999
Mar 2022,Individual Income,225212026.9
Mar 2022,Inheritance/Estate,13627499.07
Mar 2022,Liquor,4196051.36
Mar 2022,Rental Vehicle,6911453.79
Mar 2022,Public Service Co.,10457029.85
Mar 2022,Tobacco,9486569.23
Mar 2022,Transient Accommodation,58165705.01
Mar 2022,All Others,5025
Mar 2022,County Surcharges,29236948.46
Mar 2022,General Excise & Use,309809965.69000006
Mar 2022,Fuel,15124718.99
Mar 2022,Banks/Financial Corp,5321233.45
Apr 2022,Tobacco,8181030.51
Apr 2022,County Surcharges,35037120.83
Apr 2022,Banks/Financial Corp,17221383.18
Apr 2022,Individual Income,811274481.3499999
Apr 2022,Inheritance/Estate,3059788.08
Apr 2022,Fuel,17051466.93
Apr 2022,Liquor,4720238.24
Apr 2022,Rental Vehicle,8082218.98
Apr 2022,Public Service Co.,11185720.75
Apr 2022,Transient Accommodation,75854148.48
Apr 2022,All Others,3005
Apr 2022,General Excise & Use,398318896.04
Apr 2022,Corporate Income,56394108.089999996
May 2022,Fuel,16601185.89
May 2022,All Others,5246.76
May 2022,Individual Income,277836418.91999996
May 2022,Inheritance/Estate,1839616.23
May 2022,Liquor,4414910.42
May 2022,Rental Vehicle,8112556.29
May 2022,Transient Accommodation,72919238.15
May 2022,Public Service Co.,12113709.76
May 2022,Tobacco,6485461.63
May 2022,Banks/Financial Corp,2468117.64
May 2022,Corporate Income,11213253.07
May 2022,County Surcharges,33433806.03
May 2022,General Excise & Use,337267896.53
Jun 2022,Individual Income,348352380.07000005
Jun 2022,Inheritance/Estate,16576796.46
Jun 2022,Liquor,4598902.32
Jun 2022,Rental Vehicle,7895926.25
Jun 2022,Public Service Co.,10278600.83
Jun 2022,All Others,4022.61
Jun 2022,Tobacco,8881951.41
Jun 2022,Transient Accommodation,63041890.4
Jun 2022,Corporate Income,47262190.45
Jun 2022,Fuel,16488483.06
Jun 2022,County Surcharges,33651753.02
Jun 2022,General Excise & Use,343931003.55
Jun 2022,Banks/Financial Corp,3855186.96
Jul 2022,County Surcharges,38954401.74
Jul 2022,Corporate Income,14473434.06
Jul 2022,Individual Income,225279463.83999997
Jul 2022,Liquor,4731220.6
Jul 2022,Rental Vehicle,8045570.25
Jul 2022,Public Service Co.,10091413.19
Jul 2022,Tobacco,7482108.08
Jul 2022,General Excise & Use,399133280.38
Jul 2022,All Others,4000.76
Jul 2022,Inheritance/Estate,2237769.9
Jul 2022,Transient Accommodation,83728608.98
Jul 2022,Fuel,16107817.780000001
Jul 2022,Banks/Financial Corp,2492425.8
Aug 2022,Public Service Co.,10146993.13
Aug 2022,Banks/Financial Corp,1470702.88
Aug 2022,Individual Income,236597284.40999997
Aug 2022,Tobacco,8034454.63
Aug 2022,Corporate Income,5469669.28
Aug 2022,Inheritance/Estate,10522821.6
Aug 2022,Rental Vehicle,8850491.74
Aug 2022,Liquor,4235311.39
Aug 2022,All Others,3010
Aug 2022,County Surcharges,35700699.36
Aug 2022,Fuel,14669235.809999999
Aug 2022,Transient Accommodation,81452333.36
Aug 2022,General Excise & Use,364112366.13
Sep 2022,Transient Accommodation,71465214.04
Sep 2022,General Excise & Use,360270589.83000004
Sep 2022,All Others,-1.09
Sep 2022,Fuel,17577302.48
Sep 2022,Banks/Financial Corp,4491735.52
Sep 2022,County Surcharges,35054371.31
Sep 2022,Corporate Income,59885925.43000001
Sep 2022,Individual Income,184711647.46999997
Sep 2022,Inheritance/Estate,8344048.7
Sep 2022,Liquor,4967248.63
Sep 2022,Rental Vehicle,8555489.77
Sep 2022,Public Service Co.,10039725.21
Sep 2022,Tobacco,7131618.68
Oct 2022,General Excise & Use,361395497.84
Oct 2022,Inheritance/Estate,5417708.6
Oct 2022,Tobacco,7041526.77
Oct 2022,Rental Vehicle,7561348.91
Oct 2022,Liquor,4336459.12
Oct 2022,Public Service Co.,10128935.06
Oct 2022,All Others,983.22
Oct 2022,County Surcharges,37728009.78
Oct 2022,Transient Accommodation,64421110.05
Oct 2022,Corporate Income,14682841.580000002
Oct 2022,Individual Income,172458797.61999997
Oct 2022,Banks/Financial Corp,2322123.42
Oct 2022,Fuel,16539625.959999999
Nov 2022,Banks/Financial Corp,305209.19
Nov 2022,Individual Income,176044474.31
Nov 2022,Inheritance/Estate,6637397.67
Nov 2022,Liquor,4358758.42
Nov 2022,Rental Vehicle,7908484.19
Nov 2022,Public Service Co.,10100819.14
Nov 2022,Tobacco,8393680.43
Nov 2022,Transient Accommodation,60473078.27
Nov 2022,All Others,303.91
Nov 2022,County Surcharges,33235452.67
Nov 2022,Corporate Income,1158607.3900000001
Nov 2022,Fuel,16825267.78
Nov 2022,General Excise & Use,336025043.59
Dec 2022,Liquor,4820173.91
Dec 2022,County Surcharges,34268222.05
Dec 2022,Individual Income,250425501.37999997
Dec 2022,Inheritance/Estate,8420621.31
Dec 2022,Rental Vehicle,7740316.71
Dec 2022,Public Service Co.,10261556.04
Dec 2022,Tobacco,7062728.33
Dec 2022,All Others,160
Dec 2022,General Excise & Use,347103550.43
Dec 2022,Transient Accommodation,60300330.04
Dec 2022,Corporate Income,51155184.03
Dec 2022,Fuel,16201287.43
Dec 2022,Banks/Financial Corp,2263193.58
Jan 2023,Individual Income,368914801
Jan 2023,Inheritance/Estate,3354650
Jan 2023,Liquor,4789477
Jan 2023,Rental Vehicle,7780536
Jan 2023,Public Service Co.,13550951
Jan 2023,County Surcharges,40700954
Jan 2023,Transient Accommodation,87623372
Jan 2023,All Others,1568
Jan 2023,Corporate Income,23812335
Jan 2023,Tobacco,7844942
Jan 2023,General Excise & Use,440016670
Jan 2023,Banks/Financial Corp,1004432
Jan 2023,Fuel,16469041
Feb 2023,Individual Income,126177381
Feb 2023,Inheritance/Estate,5491914
Feb 2023,Liquor,4310181
Feb 2023,Rental Vehicle,9080263
Feb 2023,Public Service Co.,13298900
Feb 2023,County Surcharges,34522454
Feb 2023,Transient Accommodation,73234569
Feb 2023,All Others,10
Feb 2023,Corporate Income,2084789
Feb 2023,Tobacco,7070481
Feb 2023,General Excise & Use,357136949
Feb 2023,Banks/Financial Corp,2594490
Feb 2023,Fuel,16790101
Mar 2023,Tobacco,7245842
Mar 2023,General Excise & Use,342497280
Mar 2023,Banks/Financial Corp,2661944
Mar 2023,Fuel,15001896
Mar 2023,Individual Income,184116832
Mar 2023,Inheritance/Estate,5364579
Mar 2023,Liquor,4145804
Mar 2023,Rental Vehicle,8624169
Mar 2023,Public Service Co.,13465587
Mar 2023,County Surcharges,32648132
Mar 2023,Transient Accommodation,68129408
Mar 2023,All Others,0
Mar 2023,Corporate Income,9296559
Apr 2023,Transient Accommodation,81286093
Apr 2023,Liquor,4660938
Apr 2023,General Excise & Use,413159227
Apr 2023,Individual Income,629767408
Apr 2023,Inheritance/Estate,1961954
Apr 2023,Rental Vehicle,9822692
Apr 2023,Public Service Co.,14189918
Apr 2023,County Surcharges,36612056
Apr 2023,All Others,158271
Apr 2023,Corporate Income,78951362
Apr 2023,Tobacco,7293271
Apr 2023,Banks/Financial Corp,6839186
Apr 2023,Fuel,16847286
May 2023,Individual Income,270596640
May 2023,Inheritance/Estate,149054
May 2023,Liquor,4256769
May 2023,Rental Vehicle,8894576
May 2023,Public Service Co.,13669530
May 2023,Transient Accommodation,70913778
May 2023,County Surcharges,36107152
May 2023,All Others,-113960
May 2023,Corporate Income,12016141
May 2023,Tobacco,6856344
May 2023,General Excise & Use,363502354
May 2023,Banks/Financial Corp,1308482
May 2023,Fuel,16520983
Jun 2023,Banks/Financial Corp,3215127
Jun 2023,Tobacco,5559447
Jun 2023,All Others,267
Jun 2023,Individual Income,275374380
Jun 2023,Inheritance/Estate,180348
Jun 2023,Liquor,4900582
Jun 2023,Rental Vehicle,8585811
Jun 2023,Public Service Co.,13250263
Jun 2023,County Surcharges,36035888
Jun 2023,Transient Accommodation,62229045
Jun 2023,General Excise & Use,359025060
Jun 2023,Corporate Income,43611724
Jun 2023,Fuel,17275904
Jul 2023,Individual Income,225833504
Jul 2023,Inheritance/Estate,9514242
Jul 2023,Liquor,4679844
Jul 2023,Rental Vehicle,8869513
Jul 2023,Public Service Co.,13459235
Jul 2023,County Surcharges,40270498
Jul 2023,Transient Accommodation,79839468
Jul 2023,All Others,15
Jul 2023,Corporate Income,8473238
Jul 2023,Tobacco,8721052
Jul 2023,General Excise & Use,420489995
Jul 2023,Banks/Financial Corp,1622852
Jul 2023,Fuel,16231267
Aug 2023,Individual Income,269553612
Aug 2023,Inheritance/Estate,5895920
Aug 2023,Liquor,4023020
Aug 2023,Rental Vehicle,9537896
Aug 2023,Public Service Co.,13259813
Aug 2023,County Surcharges,36556764
Aug 2023,Transient Accommodation,78323559
Aug 2023,All Others,7156
Aug 2023,Corporate Income,4505423
Aug 2023,Tobacco,6350417
Aug 2023,General Excise & Use,332434010
Aug 2023,Banks/Financial Corp,2461381
Aug 2023,Fuel,16616728
Sep 2023,Banks/Financial Corp,3959970
Sep 2023,Fuel,17181410
Sep 2023,Individual Income,296744658
Sep 2023,Inheritance/Estate,3421493
Sep 2023,Liquor,4576396
Sep 2023,Rental Vehicle,8389382
Sep 2023,Public Service Co.,13537511
Sep 2023,County Surcharges,38191626
Sep 2023,Transient Accommodation,63358510
Sep 2023,All Others,10
Sep 2023,Corporate Income,52537651
Sep 2023,Tobacco,6595871
Sep 2023,General Excise & Use,371412466
Oct 2023,Individual Income,270559617
Oct 2023,Inheritance/Estate,3396555
Oct 2023,Liquor,3727694
Oct 2023,Rental Vehicle,7259962
Oct 2023,All Others,5
Oct 2023,Public Service Co.,13301583
Oct 2023,County Surcharges,37179385
Oct 2023,Transient Accommodation,61289858
Oct 2023,Corporate Income,10923969
Oct 2023,Tobacco,7809671
Oct 2023,General Excise & Use,363574555
Oct 2023,Banks/Financial Corp,-256677
Oct 2023,Fuel,15970858
Nov 2023,County Surcharges,36879390
Nov 2023,Transient Accommodation,59768788
Nov 2023,All Others,20260
Nov 2023,Corporate Income,2051500
Nov 2023,Tobacco,6885443
Nov 2023,General Excise & Use,356074414
Nov 2023,Banks/Financial Corp,986660
Nov 2023,Fuel,16577318
Nov 2023,Individual Income,220336330
Nov 2023,Inheritance/Estate,14110508
Nov 2023,Liquor,4328796
Nov 2023,Public Service Co.,13604844
Nov 2023,Rental Vehicle,7942918
Dec 2023,Individual Income,247368627
Dec 2023,Inheritance/Estate,2695992
Dec 2023,Liquor,4600821
Dec 2023,Rental Vehicle,7787526
Dec 2023,Public Service Co.,13205700
Dec 2023,County Surcharges,36117342
Dec 2023,Transient Accommodation,60291526
Dec 2023,All Others,175
Dec 2023,Corporate Income,79065218
Dec 2023,Tobacco,5753433
Dec 2023,General Excise & Use,355478249
Dec 2023,Banks/Financial Corp,1661319
Dec 2023,Fuel,15953638
Jan 2024,Individual Income,383341535
Jan 2024,Inheritance/Estate,3705963
Jan 2024,County Surcharges,43949197
Jan 2024,Liquor,4536214
Jan 2024,Rental Vehicle,8321334
Jan 2024,Public Service Co.,12963013
Jan 2024,Tobacco,6501083
Jan 2024,Transient Accommodation,82678028
Jan 2024,All Others,35
Jan 2024,Corporate Income,47876681
Jan 2024,General Excise & Use,450790770
Jan 2024,Fuel,16377611
Jan 2024,Banks/Financial Corp,2131832
Feb 2024,Public Service Co.,12976375
Feb 2024,County Surcharges,45080876
Feb 2024,Transient Accommodation,72706365
Feb 2024,All Others,0
Feb 2024,Corporate Income,7241457
Feb 2024,Tobacco,7608912
Feb 2024,General Excise & Use,361806385
Feb 2024,Banks/Financial Corp,3879463
Feb 2024,Fuel,16267781
Feb 2024,Individual Income,119043085
Feb 2024,Inheritance/Estate,4048454
Feb 2024,Liquor,4191892
Feb 2024,Rental Vehicle,10002050
Mar 2024,Corporate Income,20668293
Mar 2024,Individual Income,147960349
Mar 2024,Inheritance/Estate,1341941
Mar 2024,Rental Vehicle,9742559
Mar 2024,Liquor,4202371
Mar 2024,Public Service Co.,13064419
Mar 2024,Tobacco,7133875
Mar 2024,Transient Accommodation,68923078
Mar 2024,All Others,18
Mar 2024,County Surcharges,42590997
Mar 2024,Fuel,15688410
Mar 2024,Banks/Financial Corp,2005030
Mar 2024,General Excise & Use,353821186
Apr 2024,County Surcharges,45728636
Apr 2024,Individual Income,589490615
Apr 2024,Inheritance/Estate,3714614
Apr 2024,Liquor,3959994
Apr 2024,Public Service Co.,13698279
Apr 2024,Tobacco,6881311
Apr 2024,General Excise & Use,386975450
Apr 2024,Transient Accommodation,80096866
Apr 2024,All Others,66
Apr 2024,Fuel,16300696
Apr 2024,Banks/Financial Corp,5680117
Apr 2024,Rental Vehicle,10282414
Apr 2024,Corporate Income,167913347
May 2024,County Surcharges,44143028
May 2024,Liquor,
May 2024,All Others,10
May 2024,Rental Vehicle,9143704
May 2024,Corporate Income,3582340
May 2024,Tobacco,7774145
May 2024,Transient Accommodation,61751798
May 2024,Individual Income,214902853
May 2024,Public Service Co.,12904343
May 2024,Banks/Financial Corp,1623804
May 2024,General Excise & Use,359433622
May 2024,Fuel,16115569
May 2024,Inheritance/Estate,904885
Jun 2024,Banks/Financial Corp,5156501
Jun 2024,Individual Income,296390452
Jun 2024,Inheritance/Estate,3043434
Jun 2024,All Others,10
Jun 2024,Public Service Co.,13246576
Jun 2024,Rental Vehicle,8790228
Jun 2024,Tobacco,6151138
Jun 2024,Transient Accommodation,59318384
Jun 2024,Corporate Income,79530919
Jun 2024,Liquor,4552278
Jun 2024,Fuel,16613351
Jun 2024,County Surcharges,42999964
Jun 2024,General Excise & Use,369387273
Jul 2024,Individual Income,277983247
Jul 2024,Inheritance/Estate,7497032
Jul 2024,Liquor,3908643
Jul 2024,Rental Vehicle,9317408
Jul 2024,Public Service Co.,12745625
Jul 2024,County Surcharges,50084748
Jul 2024,Transient Accommodation,74159422
Jul 2024,All Others,0
Jul 2024,Corporate Income,5014744
Jul 2024,Tobacco,7484446
Jul 2024,Banks/Financial Corp,-6258078
Jul 2024,General Excise & Use,409842624
Jul 2024,Fuel,15955231
Aug 2024,Individual Income,219699374
Aug 2024,Inheritance/Estate,16629604
Aug 2024,Liquor,4438850
Aug 2024,Rental Vehicle,10118822
Aug 2024,Public Service Co.,12755299
Aug 2024,County Surcharges,46735506
Aug 2024,Transient Accommodation,74928405
Aug 2024,All Others,5
Aug 2024,Corporate Income,-18701003
Aug 2024,Tobacco,6487158
Aug 2024,General Excise & Use,402537323
Aug 2024,Banks/Financial Corp,1904408
Aug 2024,Fuel,16337994
Sep 2024,Fuel,16892324
Sep 2024,General Excise & Use,356494832
Sep 2024,Transient Accommodation,65336846
Sep 2024,All Others,10
Sep 2024,Individual Income,361046985
Sep 2024,Inheritance/Estate,324290204
Sep 2024,Liquor,4286917
Sep 2024,Corporate Income,91667899
Sep 2024,Rental Vehicle,9671726
Sep 2024,Public Service Co.,12862499
Sep 2024,County Surcharges,46379351
Sep 2024,Tobacco,6112783
Sep 2024,Banks/Financial Corp,3917616
Oct 2024,Rental Vehicle,8540989
Oct 2024,Public Service Co.,12910875
Oct 2024,Transient Accommodation,56521133
Oct 2024,County Surcharges,45784585
Oct 2024,All Others,0
Oct 2024,Tobacco,7146639
Oct 2024,Corporate Income,43553751
Oct 2024,General Excise & Use,339549166
Oct 2024,Banks/Financial Corp,973277
Oct 2024,Fuel,15877852
Oct 2024,Liquor,3658960
Oct 2024,Inheritance/Estate,10985263
Oct 2024,Individual Income,337351799
Nov 2024,Individual Income,217342595
Nov 2024,Inheritance/Estate,9990532
Nov 2024,Liquor,4407391
Nov 2024,Rental Vehicle,9009921
Nov 2024,General Excise & Use,347018738
Nov 2024,Banks/Financial Corp,-503203
Nov 2024,Public Service Co.,12818014
Nov 2024,All Others,365
Nov 2024,County Surcharges,43162407
Nov 2024,Transient Accommodation,56624329
Nov 2024,Corporate Income,5422534
Nov 2024,Tobacco,6499623
Nov 2024,Fuel,16472782
Dec 2024,Individual Income,279177034
Dec 2024,Inheritance/Estate,5973768
Dec 2024,Liquor,4119634
Dec 2024,Rental Vehicle,8930032
Dec 2024,Public Service Co.,12689007
Dec 2024,County Surcharges,43161425
Dec 2024,Transient Accommodation,59100940
Dec 2024,All Others,105
Dec 2024,Corporate Income,83144517
Dec 2024,Tobacco,6468193
Dec 2024,General Excise & Use,357951071
Dec 2024,Banks/Financial Corp,2740712
Dec 2024,Fuel,15811169
Jan 2025,Individual Income,328080229
Jan 2025,Inheritance/Estate,6891401
Jan 2025,Liquor,4883891
Jan 2025,Rental Vehicle,9273390
Jan 2025,Public Service Co.,12981155
Jan 2025,County Surcharges,56722128
Jan 2025,Transient Accommodation,82645748
Jan 2025,All Others,53
Jan 2025,Corporate Income,194836
Jan 2025,Tobacco,7071762
Jan 2025,General Excise & Use,467342837
Jan 2025,Banks/Financial Corp,1715241
Jan 2025,Fuel,16383825
Feb 2025,Individual Income,98222658
Feb 2025,Inheritance/Estate,9007457
Feb 2025,Liquor,4043491
Feb 2025,Rental Vehicle,10708974
Feb 2025,Public Service Co.,12677908
Feb 2025,County Surcharges,46353543
Feb 2025,Transient Accommodation,74036360
Feb 2025,All Others,322
Feb 2025,Corporate Income,-29498289
Feb 2025,Tobacco,9072053
Feb 2025,General Excise & Use,386512530
Feb 2025,Banks/Financial Corp,-1444422
Feb 2025,Fuel,16088622
Mar 2025,Individual Income,153756240
Mar 2025,Inheritance/Estate,1494465
Mar 2025,Liquor,3845964
Mar 2025,Rental Vehicle,10606281
Mar 2025,Public Service Co.,13007069
Mar 2025,County Surcharges,43009393
Mar 2025,Transient Accommodation,69499536
Mar 2025,All Others,0
Mar 2025,Corporate Income,-332018
Mar 2025,Tobacco,5687651
Mar 2025,General Excise & Use,364212346
Mar 2025,Banks/Financial Corp,1805278
Mar 2025,Fuel,14913484
Apr 2025,Individual Income,539209237
Apr 2025,Inheritance/Estate,5659678
Apr 2025,Liquor,4056197
Apr 2025,Rental Vehicle,11539425
Apr 2025,Public Service Co.,13633772
Apr 2025,County Surcharges,52512346
Apr 2025,Transient Accommodation,78361376
Apr 2025,All Others,10
Apr 2025,Corporate Income,125767182
Apr 2025,Tobacco,5012164
Apr 2025,General Excise & Use,441097385
Apr 2025,Banks/Financial Corp,2703016
Apr 2025,Fuel,16657876
May 2025,Tobacco,6823248
May 2025,General Excise & Use,378903750
May 2025,Individual Income,207760853
May 2025,Inheritance/Estate,5383332
May 2025,Liquor,4285199
May 2025,Rental Vehicle,10341428
May 2025,Public Service Co.,12629669
May 2025,County Surcharges,46031477
May 2025,Transient Accommodation,67545586
May 2025,All Others,4
May 2025,Corporate Income,13220414
May 2025,Banks/Financial Corp,258668
May 2025,Fuel,16394130
Jun 2025,Fuel,17305169
Jun 2025,Banks/Financial Corp,2483777
Jun 2025,Tobacco,6020902
Jun 2025,General Excise & Use,379570710
Jun 2025,Corporate Income,80929249
Jun 2025,Individual Income,268462626
Jun 2025,Inheritance/Estate,1963481
Jun 2025,Liquor,4213362
Jun 2025,Rental Vehicle,10123028
Jun 2025,Public Service Co.,12766921
Jun 2025,County Surcharges,45319512
Jun 2025,Transient Accommodation,57439884
Jun 2025,All Others,15
Jul 2025,Tobacco,7991655
Jul 2025,General Excise & Use,431598099
Jul 2025,Individual Income,236149657
Jul 2025,Inheritance/Estate,2279096
Jul 2025,Liquor,4152539
Jul 2025,Corporate Income,9951631
Jul 2025,Rental Vehicle,10343779
Jul 2025,Public Service Co.,13080495
Jul 2025,County Surcharges,51730288
Jul 2025,Transient Accommodation,74455996
Jul 2025,All Others,5
Jul 2025,Banks/Financial Corp,1309961
Jul 2025,Fuel,18231880
Aug 2025,Fuel,16843240
Aug 2025,Banks/Financial Corp,-78081
Aug 2025,Individual Income,192266122
Aug 2025,Inheritance/Estate,1857314
Aug 2025,Liquor,4432030
Aug 2025,Rental Vehicle,10932590
Aug 2025,Public Service Co.,12652668
Aug 2025,County Surcharges,46315978
Aug 2025,Transient Accommodation,75336571
Aug 2025,All Others,0
Aug 2025,Corporate Income,4894889
Aug 2025,Tobacco,6044617
Aug 2025,General Excise & Use,383859120
Sep 2025,Individual Income,311159864
Sep 2025,Inheritance/Estate,-510918
Sep 2025,Liquor,4114475
Sep 2025,Rental Vehicle,10554136
Sep 2025,Public Service Co.,12770588
Sep 2025,County Surcharges,46975851
Sep 2025,Transient Accommodation,67229299
Sep 2025,All Others,10
Sep 2025,Corporate Income,91763399
Sep 2025,Tobacco,6226227
Sep 2025,General Excise & Use,381833381
Sep 2025,Banks/Financial Corp,1251802
Sep 2025,Fuel,17138615